date,variable,value
1959-01,PCE,306.1
1959-02,PCE,309.6
1959-03,PCE,312.7
1959-04,PCE,312.2
1959-05,PCE,316.1
1959-06,PCE,318.2
1959-07,PCE,317.8
1959-08,PCE,320.2
1959-09,PCE,324.2
1959-10,PCE,322.8
1959-11,PCE,322.9
1959-12,PCE,322.9
1960-01,PCE,323.6
1960-02,PCE,325.3
1960-03,PCE,330.2
1960-04,PCE,336.5
1960-05,PCE,330.0
1960-06,PCE,330.1
1960-07,PCE,331.4
1960-08,PCE,331.6
1960-09,PCE,333.4
1960-10,PCE,335.4
1960-11,PCE,335.4
1960-12,PCE,331.3
1961-01,PCE,332.2
1961-02,PCE,333.7
1961-03,PCE,337.7
1961-04,PCE,337.6
1961-05,PCE,339.9
1961-06,PCE,340.9
1961-07,PCE,340.6
1961-08,PCE,342.1
1961-09,PCE,344.4
1961-10,PCE,346.5
1961-11,PCE,349.9
1961-12,PCE,352.4
1962-01,PCE,353.2
1962-02,PCE,354.0
1962-03,PCE,357.4
1962-04,PCE,359.0
1962-05,PCE,362.0
1962-06,PCE,360.4
1962-07,PCE,361.4
1962-08,PCE,362.9
1962-09,PCE,368.8
1962-10,PCE,366.5
1962-11,PCE,371.7
1962-12,PCE,373.6
1963-01,PCE,374.4
1963-02,PCE,373.4
1963-03,PCE,375.0
1963-04,PCE,376.4
1963-05,PCE,377.2
1963-06,PCE,381.7
1963-07,PCE,384.4
1963-08,PCE,386.3
1963-09,PCE,385.5
1963-10,PCE,386.0
1963-11,PCE,389.4
1963-12,PCE,394.7
1964-01,PCE,396.8
1964-02,PCE,400.2
1964-03,PCE,401.8
1964-04,PCE,402.8
1964-05,PCE,408.4
1964-06,PCE,411.4
1964-07,PCE,414.9
1964-08,PCE,417.7
1964-09,PCE,416.6
1964-10,PCE,419.6
1964-11,PCE,416.4
1964-12,PCE,421.0
1965-01,PCE,424.4
1965-02,PCE,431.4
1965-03,PCE,433.3
1965-04,PCE,437.1
1965-05,PCE,437.6
1965-06,PCE,435.2
1965-07,PCE,441.0
1965-08,PCE,444.4
1965-09,PCE,452.0
1965-10,PCE,458.5
1965-11,PCE,459.1
1965-12,PCE,461.7
1966-01,PCE,465.2
1966-02,PCE,470.2
1966-03,PCE,475.0
1966-04,PCE,476.9
1966-05,PCE,473.1
1966-06,PCE,475.5
1966-07,PCE,480.6
1966-08,PCE,483.2
1966-09,PCE,489.2
1966-10,PCE,488.3
1966-11,PCE,490.1
1966-12,PCE,491.8
1967-01,PCE,494.2
1967-02,PCE,493.0
1967-03,PCE,495.8
1967-04,PCE,501.3
1967-05,PCE,502.2
1967-06,PCE,506.8
1967-07,PCE,506.7
1967-08,PCE,509.8
1967-09,PCE,515.6
1967-10,PCE,512.2
1967-11,PCE,517.4
1967-12,PCE,525.1
1968-01,PCE,530.9
1968-02,PCE,533.6
1968-03,PCE,544.3
1968-04,PCE,544.0
1968-05,PCE,549.8
1968-06,PCE,556.3
1968-07,PCE,563.2
1968-08,PCE,567.0
1968-09,PCE,568.2
1968-10,PCE,571.6
1968-11,PCE,576.7
1968-12,PCE,576.5
1969-01,PCE,583.5
1969-02,PCE,588.7
1969-03,PCE,588.9
1969-04,PCE,593.9
1969-05,PCE,600.3
1969-06,PCE,600.9
1969-07,PCE,602.7
1969-08,PCE,609.9
1969-09,PCE,613.2
1969-10,PCE,618.5
1969-11,PCE,620.5
1969-12,PCE,622.8
1970-01,PCE,628.7
1970-02,PCE,634.0
1970-03,PCE,632.3
1970-04,PCE,636.0
1970-05,PCE,642.4
1970-06,PCE,646.3
1970-07,PCE,648.5
1970-08,PCE,652.9
1970-09,PCE,659.1
1970-10,PCE,658.3
1970-11,PCE,656.6
1970-12,PCE,665.6
1971-01,PCE,676.1
1971-02,PCE,679.4
1971-03,PCE,682.0
1971-04,PCE,688.8
1971-05,PCE,691.1
1971-06,PCE,699.8
1971-07,PCE,698.9
1971-08,PCE,704.9
1971-09,PCE,713.0
1971-10,PCE,715.8
1971-11,PCE,720.9
1971-12,PCE,728.4
1972-01,PCE,731.5
1972-02,PCE,736.2
1972-03,PCE,749.2
1972-04,PCE,752.5
1972-05,PCE,758.0
1972-06,PCE,761.6
1972-07,PCE,769.9
1972-08,PCE,776.3
1972-09,PCE,781.1
1972-10,PCE,794.9
1972-11,PCE,800.5
1972-12,PCE,806.1
1973-01,PCE,816.5
1973-02,PCE,825.8
1973-03,PCE,832.8
1973-04,PCE,835.7
1973-05,PCE,841.6
1973-06,PCE,844.3
1973-07,PCE,854.1
1973-08,PCE,853.3
1973-09,PCE,869.2
1973-10,PCE,868.2
1973-11,PCE,876.9
1973-12,PCE,876.6
1974-01,PCE,884.5
1974-02,PCE,889.7
1974-03,PCE,901.4
1974-04,PCE,910.8
1974-05,PCE,922.4
1974-06,PCE,928.0
1974-07,PCE,937.9
1974-08,PCE,954.8
1974-09,PCE,955.1
1974-10,PCE,959.2
1974-11,PCE,956.2
1974-12,PCE,961.8
1975-01,PCE,975.6
1975-02,PCE,989.4
1975-03,PCE,990.6
1975-04,PCE,995.0
1975-05,PCE,1018.9
1975-06,PCE,1026.8
1975-07,PCE,1039.8
1975-08,PCE,1047.0
1975-09,PCE,1054.8
1975-10,PCE,1060.9
1975-11,PCE,1075.8
1975-12,PCE,1092.1
1976-01,PCE,1107.1
1976-02,PCE,1107.7
1976-03,PCE,1114.9
1976-04,PCE,1125.4
1976-05,PCE,1122.7
1976-06,PCE,1140.5
1976-07,PCE,1149.6
1976-08,PCE,1158.0
1976-09,PCE,1168.8
1976-10,PCE,1176.8
1976-11,PCE,1189.0
1976-12,PCE,1211.5
1977-01,PCE,1215.0
1977-02,PCE,1231.3
1977-03,PCE,1238.3
1977-04,PCE,1247.3
1977-05,PCE,1257.1
1977-06,PCE,1263.6
1977-07,PCE,1280.5
1977-08,PCE,1285.7
1977-09,PCE,1294.5
1977-10,PCE,1311.4
1977-11,PCE,1327.0
1977-12,PCE,1336.0
1978-01,PCE,1329.5
1978-02,PCE,1355.1
1978-03,PCE,1377.5
1978-04,PCE,1396.4
1978-05,PCE,1412.0
1978-06,PCE,1425.8
1978-07,PCE,1426.8
1978-08,PCE,1447.0
1978-09,PCE,1452.9
1978-10,PCE,1466.9
1978-11,PCE,1480.6
1978-12,PCE,1496.5
1979-01,PCE,1502.4
1979-02,PCE,1517.8
1979-03,PCE,1531.2
1979-04,PCE,1538.4
1979-05,PCE,1558.8
1979-06,PCE,1575.7
1979-07,PCE,1586.1
1979-08,PCE,1615.6
1979-09,PCE,1633.9
1979-10,PCE,1641.6
1979-11,PCE,1657.3
1979-12,PCE,1666.3
1980-01,PCE,1697.3
1980-02,PCE,1701.4
1980-03,PCE,1708.2
1980-04,PCE,1695.2
1980-05,PCE,1700.1
1980-06,PCE,1718.8
1980-07,PCE,1747.1
1980-08,PCE,1763.8
1980-09,PCE,1780.5
1980-10,PCE,1817.1
1980-11,PCE,1826.8
1980-12,PCE,1851.7
1981-01,PCE,1870.0
1981-02,PCE,1884.2
1981-03,PCE,1902.9
1981-04,PCE,1904.4
1981-05,PCE,1913.8
1981-06,PCE,1934.5
1981-07,PCE,1942.1
1981-08,PCE,1966.6
1981-09,PCE,1965.5
1981-10,PCE,1963.9
1981-11,PCE,1970.6
1981-12,PCE,1988.8
1982-01,PCE,1997.1
1982-02,PCE,2021.2
1982-03,PCE,2024.1
1982-04,PCE,2026.3
1982-05,PCE,2044.5
1982-06,PCE,2048.1
1982-07,PCE,2072.2
1982-08,PCE,2080.1
1982-09,PCE,2104.6
1982-10,PCE,2125.8
1982-11,PCE,2149.3
1982-12,PCE,2161.6
1983-01,PCE,2174.0
1983-02,PCE,2177.0
1983-03,PCE,2202.8
1983-04,PCE,2226.4
1983-05,PCE,2245.9
1983-06,PCE,2276.0
1983-07,PCE,2304.4
1983-08,PCE,2320.4
1983-09,PCE,2334.9
1983-10,PCE,2357.6
1983-11,PCE,2366.3
1983-12,PCE,2393.6
1984-01,PCE,2419.4
1984-02,PCE,2403.5
1984-03,PCE,2431.6
1984-04,PCE,2457.5
1984-05,PCE,2474.5
1984-06,PCE,2495.6
1984-07,PCE,2494.6
1984-08,PCE,2512.2
1984-09,PCE,2533.8
1984-10,PCE,2531.3
1984-11,PCE,2571.4
1984-12,PCE,2582.6
1985-01,PCE,2618.8
1985-02,PCE,2640.8
1985-03,PCE,2648.5
1985-04,PCE,2659.5
1985-05,PCE,2696.4
1985-06,PCE,2689.4
1985-07,PCE,2715.7
1985-08,PCE,2752.1
1985-09,PCE,2794.7
1985-10,PCE,2755.8
1985-11,PCE,2771.1
1985-12,PCE,2811.3
1986-01,PCE,2827.1
1986-02,PCE,2820.2
1986-03,PCE,2823.6
1986-04,PCE,2835.2
1986-05,PCE,2857.5
1986-06,PCE,2861.7
1986-07,PCE,2881.2
1986-08,PCE,2898.6
1986-09,PCE,2971.8
1986-10,PCE,2932.9
1986-11,PCE,2928.4
1986-12,PCE,2997.1
1987-01,PCE,2935.5
1987-02,PCE,3001.7
1987-03,PCE,3013.3
1987-04,PCE,3038.8
1987-05,PCE,3048.4
1987-06,PCE,3072.8
1987-07,PCE,3094.7
1987-08,PCE,3130.8
1987-09,PCE,3126.5
1987-10,PCE,3134.5
1987-11,PCE,3144.2
1987-12,PCE,3174.1
1988-01,PCE,3213.7
1988-02,PCE,3221.4
1988-03,PCE,3260.5
1988-04,PCE,3263.0
1988-05,PCE,3293.6
1988-06,PCE,3318.5
1988-07,PCE,3342.7
1988-08,PCE,3368.0
1988-09,PCE,3375.0
1988-10,PCE,3413.7
1988-11,PCE,3430.2
1988-12,PCE,3459.7
1989-01,PCE,3483.7
1989-02,PCE,3488.0
1989-03,PCE,3498.8
1989-04,PCE,3543.0
1989-05,PCE,3551.8
1989-06,PCE,3566.6
1989-07,PCE,3585.7
1989-08,PCE,3620.6
1989-09,PCE,3621.9
1989-10,PCE,3633.6
1989-11,PCE,3643.3
1989-12,PCE,3684.2
1990-01,PCE,3730.7
1990-02,PCE,3728.2
1990-03,PCE,3754.9
1990-04,PCE,3770.0
1990-05,PCE,3775.8
1990-06,PCE,3804.5
1990-07,PCE,3821.7
1990-08,PCE,3848.3
1990-09,PCE,3870.1
1990-10,PCE,3870.6
1990-11,PCE,3871.9
1990-12,PCE,3861.3
1991-01,PCE,3841.0
1991-02,PCE,3866.7
1991-03,PCE,3913.0
1991-04,PCE,3907.1
1991-05,PCE,3933.2
1991-06,PCE,3940.5
1991-07,PCE,3966.0
1991-08,PCE,3969.1
1991-09,PCE,3984.7
1991-10,PCE,3976.0
1991-11,PCE,4003.6
1991-12,PCE,4020.5
1992-01,PCE,4084.7
1992-02,PCE,4099.5
1992-03,PCE,4117.0
1992-04,PCE,4131.5
1992-05,PCE,4158.4
1992-06,PCE,4177.1
1992-07,PCE,4204.8
1992-08,PCE,4220.9
1992-09,PCE,4255.3
1992-10,PCE,4284.7
1992-11,PCE,4300.5
1992-12,PCE,4336.4
1993-01,PCE,4340.7
1993-02,PCE,4355.3
1993-03,PCE,4352.5
1993-04,PCE,4393.4
1993-05,PCE,4422.4
1993-06,PCE,4440.0
1993-07,PCE,4468.9
1993-08,PCE,4481.1
1993-09,PCE,4511.5
1993-10,PCE,4532.8
1993-11,PCE,4554.1
1993-12,PCE,4571.1
1994-01,PCE,4585.1
1994-02,PCE,4632.6
1994-03,PCE,4646.0
1994-04,PCE,4671.1
1994-05,PCE,4669.5
1994-06,PCE,4708.9
1994-07,PCE,4720.6
1994-08,PCE,4762.6
1994-09,PCE,4775.0
1994-10,PCE,4812.9
1994-11,PCE,4825.6
1994-12,PCE,4841.6
1995-01,PCE,4851.2
1995-02,PCE,4850.8
1995-03,PCE,4885.4
1995-04,PCE,4890.2
1995-05,PCE,4933.1
1995-06,PCE,4977.5
1995-07,PCE,4970.2
1995-08,PCE,5005.3
1995-09,PCE,5020.5
1995-10,PCE,5013.9
1995-11,PCE,5055.6
1995-12,PCE,5097.5
1996-01,PCE,5085.7
1996-02,PCE,5132.8
1996-03,PCE,5173.3
1996-04,PCE,5208.0
1996-05,PCE,5223.8
1996-06,PCE,5229.8
1996-07,PCE,5251.9
1996-08,PCE,5275.0
1996-09,PCE,5296.6
1996-10,PCE,5328.5
1996-11,PCE,5351.2
1996-12,PCE,5378.6
1997-01,PCE,5411.1
1997-02,PCE,5434.0
1997-03,PCE,5454.2
1997-04,PCE,5459.3
1997-05,PCE,5460.2
1997-06,PCE,5494.2
1997-07,PCE,5548.8
1997-08,PCE,5587.0
1997-09,PCE,5601.7
1997-10,PCE,5637.7
1997-11,PCE,5661.1
1997-12,PCE,5692.1
1998-01,PCE,5689.9
1998-02,PCE,5723.8
1998-03,PCE,5750.3
1998-04,PCE,5788.1
1998-05,PCE,5837.9
1998-06,PCE,5871.7
1998-07,PCE,5890.0
1998-08,PCE,5925.0
1998-09,PCE,5965.6
1998-10,PCE,5998.8
1998-11,PCE,6015.4
1998-12,PCE,6070.5
1999-01,PCE,6073.9
1999-02,PCE,6099.2
1999-03,PCE,6133.0
1999-04,PCE,6199.5
1999-05,PCE,6232.1
1999-06,PCE,6260.3
1999-07,PCE,6287.6
1999-08,PCE,6331.9
1999-09,PCE,6386.5
1999-10,PCE,6411.4
1999-11,PCE,6448.7
1999-12,PCE,6541.0
2000-01,PCE,6542.9
2000-02,PCE,6625.3
2000-03,PCE,6686.5
2000-04,PCE,6679.1
2000-05,PCE,6709.7
2000-06,PCE,6746.9
2000-07,PCE,6768.5
2000-08,PCE,6802.8
2000-09,PCE,6888.6
2000-10,PCE,6893.8
2000-11,PCE,6909.8
2000-12,PCE,6952.2
2001-01,PCE,6987.4
2001-02,PCE,7001.8
2001-03,PCE,6996.7
2001-04,PCE,7004.2
2001-05,PCE,7052.8
2001-06,PCE,7069.7
2001-07,PCE,7082.3
2001-08,PCE,7121.7
2001-09,PCE,7007.0
2001-10,PCE,7212.9
2001-11,PCE,7182.3
2001-12,PCE,7166.7
2002-01,PCE,7184.6
2002-02,PCE,7225.2
2002-03,PCE,7243.4
2002-04,PCE,7312.5
2002-05,PCE,7288.9
2002-06,PCE,7322.5
2002-07,PCE,7387.3
2002-08,PCE,7412.6
2002-09,PCE,7391.5
2002-10,PCE,7435.2
2002-11,PCE,7463.8
2002-12,PCE,7519.9
2003-01,PCE,7541.3
2003-02,PCE,7548.6
2003-03,PCE,7611.5
2003-04,PCE,7634.5
2003-05,PCE,7650.3
2003-06,PCE,7699.6
2003-07,PCE,7757.0
2003-08,PCE,7852.1
2003-09,PCE,7853.7
2003-10,PCE,7867.4
2003-11,PCE,7922.6
2003-12,PCE,7950.4
2004-01,PCE,8007.1
2004-02,PCE,8040.4
2004-03,PCE,8098.8
2004-04,PCE,8107.2
2004-05,PCE,8176.5
2004-06,PCE,8157.6
2004-07,PCE,8236.9
2004-08,PCE,8271.6
2004-09,PCE,8341.5
2004-10,PCE,8397.1
2004-11,PCE,8444.5
2004-12,PCE,8504.4
2005-01,PCE,8497.7
2005-02,PCE,8559.1
2005-03,PCE,8598.4
2005-04,PCE,8678.4
2005-05,PCE,8671.6
2005-06,PCE,8753.4
2005-07,PCE,8853.8
2005-08,PCE,8850.1
2005-09,PCE,8900.4
2005-10,PCE,8938.5
2005-11,PCE,8946.2
2005-12,PCE,8981.1
2006-01,PCE,9071.6
2006-02,PCE,9096.0
2006-03,PCE,9132.9
2006-04,PCE,9191.6
2006-05,PCE,9231.8
2006-06,PCE,9259.6
2006-07,PCE,9343.8
2006-08,PCE,9342.2
2006-09,PCE,9375.4
2006-10,PCE,9393.6
2006-11,PCE,9400.2
2006-12,PCE,9488.3
2007-01,PCE,9538.7
2007-02,PCE,9566.0
2007-03,PCE,9611.7
2007-04,PCE,9643.6
2007-05,PCE,9685.8
2007-06,PCE,9706.8
2007-07,PCE,9751.1
2007-08,PCE,9798.9
2007-09,PCE,9845.1
2007-10,PCE,9882.7
2007-11,PCE,9955.9
2007-12,PCE,9972.8
2008-01,PCE,9996.4
2008-02,PCE,9981.7
2008-03,PCE,10035.3
2008-04,PCE,10070.3
2008-05,PCE,10132.3
2008-06,PCE,10187.1
2008-07,PCE,10185.1
2008-08,PCE,10175.7
2008-09,PCE,10116.4
2008-10,PCE,10034.1
2008-11,PCE,9885.2
2008-12,PCE,9801.5
2009-01,PCE,9847.2
2009-02,PCE,9824.5
2009-03,PCE,9773.2
2009-04,PCE,9772.5
2009-05,PCE,9791.6
2009-06,PCE,9852.4
2009-07,PCE,9886.3
2009-08,PCE,10004.1
2009-09,PCE,9927.8
2009-10,PCE,9976.7
2009-11,PCE,9985.7
2009-12,PCE,10052.6
2010-01,PCE,10056.1
2010-02,PCE,10093.4
2010-03,PCE,10156.0
2010-04,PCE,10182.3
2010-05,PCE,10210.8
2010-06,PCE,10231.3
2010-07,PCE,10268.1
2010-08,PCE,10307.1
2010-09,PCE,10327.1
2010-10,PCE,10386.4
2010-11,PCE,10433.6
2010-12,PCE,10471.0
2011-01,PCE,10514.3
2011-02,PCE,10540.6
2011-03,PCE,10619.7
2011-04,PCE,10652.1
2011-05,PCE,10672.2
2011-06,PCE,10694.8
2011-07,PCE,10731.6
2011-08,PCE,10750.3
2011-09,PCE,10783.2
2011-10,PCE,10802.9
2011-11,PCE,10806.8
2011-12,PCE,10817.8
2012-01,PCE,10896.8
2012-02,PCE,10987.2
2012-03,PCE,10993.9
2012-04,PCE,11018.5
2012-05,PCE,11006.8
2012-06,PCE,10989.8
2012-07,PCE,11016.8
2012-08,PCE,11056.0
2012-09,PCE,11105.3
2012-10,PCE,11137.4
2012-11,PCE,11178.4
2012-12,PCE,11181.2
2013-01,PCE,11245.8
2013-02,PCE,11282.1
2013-03,PCE,11268.9
2013-04,PCE,11259.3
2013-05,PCE,11295.1
2013-06,PCE,11318.5
2013-07,PCE,11346.8
2013-08,PCE,11376.9
2013-09,PCE,11413.9
2013-10,PCE,11465.2
2013-11,PCE,11531.3
2013-12,PCE,11558.6
2014-01,PCE,11543.7
2014-02,PCE,11615.4
2014-03,PCE,11695.2
2014-04,PCE,11737.4
2014-05,PCE,11778.6
2014-06,PCE,11838.0
2014-07,PCE,11879.2
2014-08,PCE,11958.8
2014-09,PCE,11964.9
2014-10,PCE,12035.5
2014-11,PCE,12058.4
2014-12,PCE,12067.6
2015-01,PCE,12036.5
2015-02,PCE,12083.1
2015-03,PCE,12132.2
2015-04,PCE,12170.3
2015-05,PCE,12233.6
2015-06,PCE,12270.3
2015-07,PCE,12327.5
2015-08,PCE,12359.3
2015-09,PCE,12356.4
2015-10,PCE,12362.3
2015-11,PCE,12397.5
2015-12,PCE,12432.8
2016-01,PCE,12452.1
2016-02,PCE,12526.3
2016-03,PCE,12506.8
2016-04,PCE,12586.0
2016-05,PCE,12624.4
2016-06,PCE,12701.7
2016-07,PCE,12720.6
2016-08,PCE,12749.8
2016-09,PCE,12806.8
2016-10,PCE,12828.1
2016-11,PCE,12853.6
2016-12,PCE,12962.9
2017-01,PCE,13015.1
2017-02,PCE,13034.7
2017-03,PCE,13089.6
2017-04,PCE,13127.7
2017-05,PCE,13128.7
2017-06,PCE,13176.8
2017-07,PCE,13198.3
2017-08,PCE,13241.0
2017-09,PCE,13365.1
2017-10,PCE,13394.8
2017-11,PCE,13495.7
2017-12,PCE,13601.8
2018-01,PCE,13620.1
2018-02,PCE,13657.2
2018-03,PCE,13725.0
2018-04,PCE,13809.3
2018-05,PCE,13872.1
2018-06,PCE,13912.9
2018-07,PCE,13962.6
2018-08,PCE,14014.5
2018-09,PCE,14030.7
2018-10,PCE,14119.6
2018-11,PCE,14187.8
2018-12,PCE,14050.6
2019-01,PCE,14104.4
2019-02,PCE,14117.9
2019-03,PCE,14244.4
2019-04,PCE,14329.3
2019-05,PCE,14372.2
2019-06,PCE,14425.7
2019-07,PCE,14487.4
2019-08,PCE,14536.4
2019-09,PCE,14564.7
2019-10,PCE,14607.9
2019-11,PCE,14667.6
2019-12,PCE,14686.3
2020-01,PCE,14769.9
2020-02,PCE,14785.1
2020-03,PCE,13762.2
2020-04,PCE,12021.8
2020-05,PCE,13058.1
2020-06,PCE,13889.3
2020-07,PCE,14129.2
2020-08,PCE,14270.5
2020-09,PCE,14481.7
2020-10,PCE,14546.0
2020-11,PCE,14467.3
2020-12,PCE,14389.5
2021-01,PCE,14857.9
2021-02,PCE,14699.6
2021-03,PCE,15458.9
2021-04,PCE,15618.7
2021-05,PCE,15624.4
2021-06,PCE,15802.0
2021-07,PCE,15814.9
2021-08,PCE,15991.1
2021-09,PCE,16088.9
2021-10,PCE,16309.5
2021-11,PCE,16390.9
2021-12,PCE,16242.3
2022-01,PCE,16543.3
2022-02,PCE,16635.8
2022-03,PCE,16831.2
2022-04,PCE,16923.9
2022-05,PCE,16956.6
1959-01,Prediksi_PCE,
1959-02,Prediksi_PCE,
1959-03,Prediksi_PCE,
1959-04,Prediksi_PCE,
1959-05,Prediksi_PCE,
1959-06,Prediksi_PCE,
1959-07,Prediksi_PCE,
1959-08,Prediksi_PCE,
1959-09,Prediksi_PCE,
1959-10,Prediksi_PCE,
1959-11,Prediksi_PCE,
1959-12,Prediksi_PCE,
1960-01,Prediksi_PCE,
1960-02,Prediksi_PCE,
1960-03,Prediksi_PCE,
1960-04,Prediksi_PCE,
1960-05,Prediksi_PCE,
1960-06,Prediksi_PCE,
1960-07,Prediksi_PCE,
1960-08,Prediksi_PCE,
1960-09,Prediksi_PCE,
1960-10,Prediksi_PCE,
1960-11,Prediksi_PCE,
1960-12,Prediksi_PCE,
1961-01,Prediksi_PCE,
1961-02,Prediksi_PCE,
1961-03,Prediksi_PCE,
1961-04,Prediksi_PCE,
1961-05,Prediksi_PCE,
1961-06,Prediksi_PCE,
1961-07,Prediksi_PCE,
1961-08,Prediksi_PCE,
1961-09,Prediksi_PCE,
1961-10,Prediksi_PCE,
1961-11,Prediksi_PCE,
1961-12,Prediksi_PCE,
1962-01,Prediksi_PCE,
1962-02,Prediksi_PCE,
1962-03,Prediksi_PCE,
1962-04,Prediksi_PCE,
1962-05,Prediksi_PCE,
1962-06,Prediksi_PCE,
1962-07,Prediksi_PCE,
1962-08,Prediksi_PCE,
1962-09,Prediksi_PCE,
1962-10,Prediksi_PCE,
1962-11,Prediksi_PCE,
1962-12,Prediksi_PCE,
1963-01,Prediksi_PCE,
1963-02,Prediksi_PCE,
1963-03,Prediksi_PCE,
1963-04,Prediksi_PCE,
1963-05,Prediksi_PCE,
1963-06,Prediksi_PCE,
1963-07,Prediksi_PCE,
1963-08,Prediksi_PCE,
1963-09,Prediksi_PCE,
1963-10,Prediksi_PCE,
1963-11,Prediksi_PCE,
1963-12,Prediksi_PCE,
1964-01,Prediksi_PCE,
1964-02,Prediksi_PCE,
1964-03,Prediksi_PCE,
1964-04,Prediksi_PCE,
1964-05,Prediksi_PCE,
1964-06,Prediksi_PCE,
1964-07,Prediksi_PCE,
1964-08,Prediksi_PCE,
1964-09,Prediksi_PCE,
1964-10,Prediksi_PCE,
1964-11,Prediksi_PCE,
1964-12,Prediksi_PCE,
1965-01,Prediksi_PCE,
1965-02,Prediksi_PCE,
1965-03,Prediksi_PCE,
1965-04,Prediksi_PCE,
1965-05,Prediksi_PCE,
1965-06,Prediksi_PCE,
1965-07,Prediksi_PCE,
1965-08,Prediksi_PCE,
1965-09,Prediksi_PCE,
1965-10,Prediksi_PCE,
1965-11,Prediksi_PCE,
1965-12,Prediksi_PCE,
1966-01,Prediksi_PCE,
1966-02,Prediksi_PCE,
1966-03,Prediksi_PCE,
1966-04,Prediksi_PCE,
1966-05,Prediksi_PCE,
1966-06,Prediksi_PCE,
1966-07,Prediksi_PCE,
1966-08,Prediksi_PCE,
1966-09,Prediksi_PCE,
1966-10,Prediksi_PCE,
1966-11,Prediksi_PCE,
1966-12,Prediksi_PCE,
1967-01,Prediksi_PCE,
1967-02,Prediksi_PCE,
1967-03,Prediksi_PCE,
1967-04,Prediksi_PCE,
1967-05,Prediksi_PCE,
1967-06,Prediksi_PCE,
1967-07,Prediksi_PCE,
1967-08,Prediksi_PCE,
1967-09,Prediksi_PCE,
1967-10,Prediksi_PCE,
1967-11,Prediksi_PCE,
1967-12,Prediksi_PCE,
1968-01,Prediksi_PCE,
1968-02,Prediksi_PCE,
1968-03,Prediksi_PCE,
1968-04,Prediksi_PCE,
1968-05,Prediksi_PCE,
1968-06,Prediksi_PCE,
1968-07,Prediksi_PCE,
1968-08,Prediksi_PCE,
1968-09,Prediksi_PCE,
1968-10,Prediksi_PCE,
1968-11,Prediksi_PCE,
1968-12,Prediksi_PCE,
1969-01,Prediksi_PCE,
1969-02,Prediksi_PCE,
1969-03,Prediksi_PCE,
1969-04,Prediksi_PCE,
1969-05,Prediksi_PCE,
1969-06,Prediksi_PCE,
1969-07,Prediksi_PCE,
1969-08,Prediksi_PCE,
1969-09,Prediksi_PCE,
1969-10,Prediksi_PCE,
1969-11,Prediksi_PCE,
1969-12,Prediksi_PCE,
1970-01,Prediksi_PCE,
1970-02,Prediksi_PCE,
1970-03,Prediksi_PCE,
1970-04,Prediksi_PCE,
1970-05,Prediksi_PCE,
1970-06,Prediksi_PCE,
1970-07,Prediksi_PCE,
1970-08,Prediksi_PCE,
1970-09,Prediksi_PCE,
1970-10,Prediksi_PCE,
1970-11,Prediksi_PCE,
1970-12,Prediksi_PCE,
1971-01,Prediksi_PCE,
1971-02,Prediksi_PCE,
1971-03,Prediksi_PCE,
1971-04,Prediksi_PCE,
1971-05,Prediksi_PCE,
1971-06,Prediksi_PCE,
1971-07,Prediksi_PCE,
1971-08,Prediksi_PCE,
1971-09,Prediksi_PCE,
1971-10,Prediksi_PCE,
1971-11,Prediksi_PCE,
1971-12,Prediksi_PCE,
1972-01,Prediksi_PCE,
1972-02,Prediksi_PCE,
1972-03,Prediksi_PCE,
1972-04,Prediksi_PCE,
1972-05,Prediksi_PCE,
1972-06,Prediksi_PCE,
1972-07,Prediksi_PCE,
1972-08,Prediksi_PCE,
1972-09,Prediksi_PCE,
1972-10,Prediksi_PCE,
1972-11,Prediksi_PCE,
1972-12,Prediksi_PCE,
1973-01,Prediksi_PCE,
1973-02,Prediksi_PCE,
1973-03,Prediksi_PCE,
1973-04,Prediksi_PCE,
1973-05,Prediksi_PCE,
1973-06,Prediksi_PCE,
1973-07,Prediksi_PCE,
1973-08,Prediksi_PCE,
1973-09,Prediksi_PCE,
1973-10,Prediksi_PCE,
1973-11,Prediksi_PCE,
1973-12,Prediksi_PCE,
1974-01,Prediksi_PCE,
1974-02,Prediksi_PCE,
1974-03,Prediksi_PCE,
1974-04,Prediksi_PCE,
1974-05,Prediksi_PCE,
1974-06,Prediksi_PCE,
1974-07,Prediksi_PCE,
1974-08,Prediksi_PCE,
1974-09,Prediksi_PCE,
1974-10,Prediksi_PCE,
1974-11,Prediksi_PCE,
1974-12,Prediksi_PCE,
1975-01,Prediksi_PCE,
1975-02,Prediksi_PCE,
1975-03,Prediksi_PCE,
1975-04,Prediksi_PCE,
1975-05,Prediksi_PCE,
1975-06,Prediksi_PCE,
1975-07,Prediksi_PCE,
1975-08,Prediksi_PCE,
1975-09,Prediksi_PCE,
1975-10,Prediksi_PCE,
1975-11,Prediksi_PCE,
1975-12,Prediksi_PCE,
1976-01,Prediksi_PCE,
1976-02,Prediksi_PCE,
1976-03,Prediksi_PCE,
1976-04,Prediksi_PCE,
1976-05,Prediksi_PCE,
1976-06,Prediksi_PCE,
1976-07,Prediksi_PCE,
1976-08,Prediksi_PCE,
1976-09,Prediksi_PCE,
1976-10,Prediksi_PCE,
1976-11,Prediksi_PCE,
1976-12,Prediksi_PCE,
1977-01,Prediksi_PCE,
1977-02,Prediksi_PCE,
1977-03,Prediksi_PCE,
1977-04,Prediksi_PCE,
1977-05,Prediksi_PCE,
1977-06,Prediksi_PCE,
1977-07,Prediksi_PCE,
1977-08,Prediksi_PCE,
1977-09,Prediksi_PCE,
1977-10,Prediksi_PCE,
1977-11,Prediksi_PCE,
1977-12,Prediksi_PCE,
1978-01,Prediksi_PCE,
1978-02,Prediksi_PCE,
1978-03,Prediksi_PCE,
1978-04,Prediksi_PCE,
1978-05,Prediksi_PCE,
1978-06,Prediksi_PCE,
1978-07,Prediksi_PCE,
1978-08,Prediksi_PCE,
1978-09,Prediksi_PCE,
1978-10,Prediksi_PCE,
1978-11,Prediksi_PCE,
1978-12,Prediksi_PCE,
1979-01,Prediksi_PCE,
1979-02,Prediksi_PCE,
1979-03,Prediksi_PCE,
1979-04,Prediksi_PCE,
1979-05,Prediksi_PCE,
1979-06,Prediksi_PCE,
1979-07,Prediksi_PCE,
1979-08,Prediksi_PCE,
1979-09,Prediksi_PCE,
1979-10,Prediksi_PCE,
1979-11,Prediksi_PCE,
1979-12,Prediksi_PCE,
1980-01,Prediksi_PCE,
1980-02,Prediksi_PCE,
1980-03,Prediksi_PCE,
1980-04,Prediksi_PCE,
1980-05,Prediksi_PCE,
1980-06,Prediksi_PCE,
1980-07,Prediksi_PCE,
1980-08,Prediksi_PCE,
1980-09,Prediksi_PCE,
1980-10,Prediksi_PCE,
1980-11,Prediksi_PCE,
1980-12,Prediksi_PCE,
1981-01,Prediksi_PCE,
1981-02,Prediksi_PCE,
1981-03,Prediksi_PCE,
1981-04,Prediksi_PCE,
1981-05,Prediksi_PCE,
1981-06,Prediksi_PCE,
1981-07,Prediksi_PCE,
1981-08,Prediksi_PCE,
1981-09,Prediksi_PCE,
1981-10,Prediksi_PCE,
1981-11,Prediksi_PCE,
1981-12,Prediksi_PCE,
1982-01,Prediksi_PCE,
1982-02,Prediksi_PCE,
1982-03,Prediksi_PCE,
1982-04,Prediksi_PCE,
1982-05,Prediksi_PCE,
1982-06,Prediksi_PCE,
1982-07,Prediksi_PCE,
1982-08,Prediksi_PCE,
1982-09,Prediksi_PCE,
1982-10,Prediksi_PCE,
1982-11,Prediksi_PCE,
1982-12,Prediksi_PCE,
1983-01,Prediksi_PCE,
1983-02,Prediksi_PCE,
1983-03,Prediksi_PCE,
1983-04,Prediksi_PCE,
1983-05,Prediksi_PCE,
1983-06,Prediksi_PCE,
1983-07,Prediksi_PCE,
1983-08,Prediksi_PCE,
1983-09,Prediksi_PCE,
1983-10,Prediksi_PCE,
1983-11,Prediksi_PCE,
1983-12,Prediksi_PCE,
1984-01,Prediksi_PCE,
1984-02,Prediksi_PCE,
1984-03,Prediksi_PCE,
1984-04,Prediksi_PCE,
1984-05,Prediksi_PCE,
1984-06,Prediksi_PCE,
1984-07,Prediksi_PCE,
1984-08,Prediksi_PCE,
1984-09,Prediksi_PCE,
1984-10,Prediksi_PCE,
1984-11,Prediksi_PCE,
1984-12,Prediksi_PCE,
1985-01,Prediksi_PCE,
1985-02,Prediksi_PCE,
1985-03,Prediksi_PCE,
1985-04,Prediksi_PCE,
1985-05,Prediksi_PCE,
1985-06,Prediksi_PCE,
1985-07,Prediksi_PCE,
1985-08,Prediksi_PCE,
1985-09,Prediksi_PCE,
1985-10,Prediksi_PCE,
1985-11,Prediksi_PCE,
1985-12,Prediksi_PCE,
1986-01,Prediksi_PCE,
1986-02,Prediksi_PCE,
1986-03,Prediksi_PCE,
1986-04,Prediksi_PCE,
1986-05,Prediksi_PCE,
1986-06,Prediksi_PCE,
1986-07,Prediksi_PCE,
1986-08,Prediksi_PCE,
1986-09,Prediksi_PCE,
1986-10,Prediksi_PCE,
1986-11,Prediksi_PCE,
1986-12,Prediksi_PCE,
1987-01,Prediksi_PCE,
1987-02,Prediksi_PCE,
1987-03,Prediksi_PCE,
1987-04,Prediksi_PCE,
1987-05,Prediksi_PCE,
1987-06,Prediksi_PCE,
1987-07,Prediksi_PCE,
1987-08,Prediksi_PCE,
1987-09,Prediksi_PCE,
1987-10,Prediksi_PCE,
1987-11,Prediksi_PCE,
1987-12,Prediksi_PCE,
1988-01,Prediksi_PCE,
1988-02,Prediksi_PCE,
1988-03,Prediksi_PCE,
1988-04,Prediksi_PCE,
1988-05,Prediksi_PCE,
1988-06,Prediksi_PCE,
1988-07,Prediksi_PCE,
1988-08,Prediksi_PCE,
1988-09,Prediksi_PCE,
1988-10,Prediksi_PCE,
1988-11,Prediksi_PCE,
1988-12,Prediksi_PCE,
1989-01,Prediksi_PCE,
1989-02,Prediksi_PCE,
1989-03,Prediksi_PCE,
1989-04,Prediksi_PCE,
1989-05,Prediksi_PCE,
1989-06,Prediksi_PCE,
1989-07,Prediksi_PCE,
1989-08,Prediksi_PCE,
1989-09,Prediksi_PCE,
1989-10,Prediksi_PCE,
1989-11,Prediksi_PCE,
1989-12,Prediksi_PCE,
1990-01,Prediksi_PCE,
1990-02,Prediksi_PCE,
1990-03,Prediksi_PCE,
1990-04,Prediksi_PCE,
1990-05,Prediksi_PCE,
1990-06,Prediksi_PCE,
1990-07,Prediksi_PCE,
1990-08,Prediksi_PCE,
1990-09,Prediksi_PCE,
1990-10,Prediksi_PCE,
1990-11,Prediksi_PCE,
1990-12,Prediksi_PCE,
1991-01,Prediksi_PCE,
1991-02,Prediksi_PCE,
1991-03,Prediksi_PCE,
1991-04,Prediksi_PCE,
1991-05,Prediksi_PCE,
1991-06,Prediksi_PCE,
1991-07,Prediksi_PCE,
1991-08,Prediksi_PCE,
1991-09,Prediksi_PCE,
1991-10,Prediksi_PCE,
1991-11,Prediksi_PCE,
1991-12,Prediksi_PCE,
1992-01,Prediksi_PCE,
1992-02,Prediksi_PCE,
1992-03,Prediksi_PCE,
1992-04,Prediksi_PCE,
1992-05,Prediksi_PCE,
1992-06,Prediksi_PCE,
1992-07,Prediksi_PCE,
1992-08,Prediksi_PCE,
1992-09,Prediksi_PCE,
1992-10,Prediksi_PCE,
1992-11,Prediksi_PCE,
1992-12,Prediksi_PCE,
1993-01,Prediksi_PCE,
1993-02,Prediksi_PCE,
1993-03,Prediksi_PCE,
1993-04,Prediksi_PCE,
1993-05,Prediksi_PCE,
1993-06,Prediksi_PCE,
1993-07,Prediksi_PCE,
1993-08,Prediksi_PCE,
1993-09,Prediksi_PCE,
1993-10,Prediksi_PCE,
1993-11,Prediksi_PCE,
1993-12,Prediksi_PCE,
1994-01,Prediksi_PCE,
1994-02,Prediksi_PCE,
1994-03,Prediksi_PCE,
1994-04,Prediksi_PCE,
1994-05,Prediksi_PCE,
1994-06,Prediksi_PCE,
1994-07,Prediksi_PCE,
1994-08,Prediksi_PCE,
1994-09,Prediksi_PCE,
1994-10,Prediksi_PCE,
1994-11,Prediksi_PCE,
1994-12,Prediksi_PCE,
1995-01,Prediksi_PCE,
1995-02,Prediksi_PCE,
1995-03,Prediksi_PCE,
1995-04,Prediksi_PCE,
1995-05,Prediksi_PCE,
1995-06,Prediksi_PCE,
1995-07,Prediksi_PCE,
1995-08,Prediksi_PCE,
1995-09,Prediksi_PCE,
1995-10,Prediksi_PCE,
1995-11,Prediksi_PCE,
1995-12,Prediksi_PCE,
1996-01,Prediksi_PCE,
1996-02,Prediksi_PCE,
1996-03,Prediksi_PCE,
1996-04,Prediksi_PCE,
1996-05,Prediksi_PCE,
1996-06,Prediksi_PCE,
1996-07,Prediksi_PCE,
1996-08,Prediksi_PCE,
1996-09,Prediksi_PCE,
1996-10,Prediksi_PCE,
1996-11,Prediksi_PCE,
1996-12,Prediksi_PCE,
1997-01,Prediksi_PCE,
1997-02,Prediksi_PCE,
1997-03,Prediksi_PCE,
1997-04,Prediksi_PCE,
1997-05,Prediksi_PCE,
1997-06,Prediksi_PCE,
1997-07,Prediksi_PCE,
1997-08,Prediksi_PCE,
1997-09,Prediksi_PCE,
1997-10,Prediksi_PCE,
1997-11,Prediksi_PCE,
1997-12,Prediksi_PCE,
1998-01,Prediksi_PCE,
1998-02,Prediksi_PCE,
1998-03,Prediksi_PCE,
1998-04,Prediksi_PCE,
1998-05,Prediksi_PCE,
1998-06,Prediksi_PCE,
1998-07,Prediksi_PCE,
1998-08,Prediksi_PCE,
1998-09,Prediksi_PCE,
1998-10,Prediksi_PCE,
1998-11,Prediksi_PCE,
1998-12,Prediksi_PCE,
1999-01,Prediksi_PCE,
1999-02,Prediksi_PCE,
1999-03,Prediksi_PCE,
1999-04,Prediksi_PCE,
1999-05,Prediksi_PCE,
1999-06,Prediksi_PCE,
1999-07,Prediksi_PCE,
1999-08,Prediksi_PCE,
1999-09,Prediksi_PCE,
1999-10,Prediksi_PCE,
1999-11,Prediksi_PCE,
1999-12,Prediksi_PCE,
2000-01,Prediksi_PCE,
2000-02,Prediksi_PCE,
2000-03,Prediksi_PCE,
2000-04,Prediksi_PCE,
2000-05,Prediksi_PCE,
2000-06,Prediksi_PCE,
2000-07,Prediksi_PCE,
2000-08,Prediksi_PCE,
2000-09,Prediksi_PCE,
2000-10,Prediksi_PCE,
2000-11,Prediksi_PCE,
2000-12,Prediksi_PCE,
2001-01,Prediksi_PCE,
2001-02,Prediksi_PCE,
2001-03,Prediksi_PCE,
2001-04,Prediksi_PCE,
2001-05,Prediksi_PCE,
2001-06,Prediksi_PCE,
2001-07,Prediksi_PCE,
2001-08,Prediksi_PCE,
2001-09,Prediksi_PCE,
2001-10,Prediksi_PCE,
2001-11,Prediksi_PCE,
2001-12,Prediksi_PCE,
2002-01,Prediksi_PCE,
2002-02,Prediksi_PCE,
2002-03,Prediksi_PCE,
2002-04,Prediksi_PCE,
2002-05,Prediksi_PCE,
2002-06,Prediksi_PCE,
2002-07,Prediksi_PCE,
2002-08,Prediksi_PCE,
2002-09,Prediksi_PCE,
2002-10,Prediksi_PCE,
2002-11,Prediksi_PCE,
2002-12,Prediksi_PCE,
2003-01,Prediksi_PCE,
2003-02,Prediksi_PCE,
2003-03,Prediksi_PCE,
2003-04,Prediksi_PCE,
2003-05,Prediksi_PCE,
2003-06,Prediksi_PCE,
2003-07,Prediksi_PCE,
2003-08,Prediksi_PCE,
2003-09,Prediksi_PCE,
2003-10,Prediksi_PCE,
2003-11,Prediksi_PCE,
2003-12,Prediksi_PCE,
2004-01,Prediksi_PCE,
2004-02,Prediksi_PCE,
2004-03,Prediksi_PCE,
2004-04,Prediksi_PCE,
2004-05,Prediksi_PCE,
2004-06,Prediksi_PCE,
2004-07,Prediksi_PCE,
2004-08,Prediksi_PCE,
2004-09,Prediksi_PCE,
2004-10,Prediksi_PCE,
2004-11,Prediksi_PCE,
2004-12,Prediksi_PCE,
2005-01,Prediksi_PCE,
2005-02,Prediksi_PCE,
2005-03,Prediksi_PCE,
2005-04,Prediksi_PCE,
2005-05,Prediksi_PCE,
2005-06,Prediksi_PCE,
2005-07,Prediksi_PCE,
2005-08,Prediksi_PCE,
2005-09,Prediksi_PCE,
2005-10,Prediksi_PCE,
2005-11,Prediksi_PCE,
2005-12,Prediksi_PCE,
2006-01,Prediksi_PCE,
2006-02,Prediksi_PCE,
2006-03,Prediksi_PCE,
2006-04,Prediksi_PCE,
2006-05,Prediksi_PCE,
2006-06,Prediksi_PCE,
2006-07,Prediksi_PCE,
2006-08,Prediksi_PCE,
2006-09,Prediksi_PCE,
2006-10,Prediksi_PCE,
2006-11,Prediksi_PCE,
2006-12,Prediksi_PCE,
2007-01,Prediksi_PCE,
2007-02,Prediksi_PCE,
2007-03,Prediksi_PCE,
2007-04,Prediksi_PCE,
2007-05,Prediksi_PCE,
2007-06,Prediksi_PCE,
2007-07,Prediksi_PCE,
2007-08,Prediksi_PCE,
2007-09,Prediksi_PCE,
2007-10,Prediksi_PCE,
2007-11,Prediksi_PCE,
2007-12,Prediksi_PCE,
2008-01,Prediksi_PCE,
2008-02,Prediksi_PCE,
2008-03,Prediksi_PCE,
2008-04,Prediksi_PCE,
2008-05,Prediksi_PCE,
2008-06,Prediksi_PCE,
2008-07,Prediksi_PCE,
2008-08,Prediksi_PCE,
2008-09,Prediksi_PCE,
2008-10,Prediksi_PCE,
2008-11,Prediksi_PCE,
2008-12,Prediksi_PCE,
2009-01,Prediksi_PCE,
2009-02,Prediksi_PCE,
2009-03,Prediksi_PCE,
2009-04,Prediksi_PCE,
2009-05,Prediksi_PCE,
2009-06,Prediksi_PCE,
2009-07,Prediksi_PCE,
2009-08,Prediksi_PCE,
2009-09,Prediksi_PCE,
2009-10,Prediksi_PCE,
2009-11,Prediksi_PCE,
2009-12,Prediksi_PCE,
2010-01,Prediksi_PCE,
2010-02,Prediksi_PCE,
2010-03,Prediksi_PCE,
2010-04,Prediksi_PCE,
2010-05,Prediksi_PCE,
2010-06,Prediksi_PCE,
2010-07,Prediksi_PCE,
2010-08,Prediksi_PCE,
2010-09,Prediksi_PCE,
2010-10,Prediksi_PCE,
2010-11,Prediksi_PCE,
2010-12,Prediksi_PCE,
2011-01,Prediksi_PCE,
2011-02,Prediksi_PCE,
2011-03,Prediksi_PCE,
2011-04,Prediksi_PCE,
2011-05,Prediksi_PCE,
2011-06,Prediksi_PCE,
2011-07,Prediksi_PCE,
2011-08,Prediksi_PCE,
2011-09,Prediksi_PCE,
2011-10,Prediksi_PCE,
2011-11,Prediksi_PCE,
2011-12,Prediksi_PCE,
2012-01,Prediksi_PCE,
2012-02,Prediksi_PCE,
2012-03,Prediksi_PCE,
2012-04,Prediksi_PCE,
2012-05,Prediksi_PCE,
2012-06,Prediksi_PCE,
2012-07,Prediksi_PCE,
2012-08,Prediksi_PCE,
2012-09,Prediksi_PCE,
2012-10,Prediksi_PCE,
2012-11,Prediksi_PCE,
2012-12,Prediksi_PCE,
2013-01,Prediksi_PCE,
2013-02,Prediksi_PCE,
2013-03,Prediksi_PCE,
2013-04,Prediksi_PCE,
2013-05,Prediksi_PCE,
2013-06,Prediksi_PCE,
2013-07,Prediksi_PCE,
2013-08,Prediksi_PCE,
2013-09,Prediksi_PCE,
2013-10,Prediksi_PCE,
2013-11,Prediksi_PCE,
2013-12,Prediksi_PCE,
2014-01,Prediksi_PCE,
2014-02,Prediksi_PCE,
2014-03,Prediksi_PCE,
2014-04,Prediksi_PCE,
2014-05,Prediksi_PCE,
2014-06,Prediksi_PCE,
2014-07,Prediksi_PCE,
2014-08,Prediksi_PCE,
2014-09,Prediksi_PCE,
2014-10,Prediksi_PCE,
2014-11,Prediksi_PCE,
2014-12,Prediksi_PCE,
2015-01,Prediksi_PCE,
2015-02,Prediksi_PCE,
2015-03,Prediksi_PCE,
2015-04,Prediksi_PCE,
2015-05,Prediksi_PCE,
2015-06,Prediksi_PCE,
2015-07,Prediksi_PCE,
2015-08,Prediksi_PCE,
2015-09,Prediksi_PCE,
2015-10,Prediksi_PCE,
2015-11,Prediksi_PCE,
2015-12,Prediksi_PCE,
2016-01,Prediksi_PCE,
2016-02,Prediksi_PCE,
2016-03,Prediksi_PCE,
2016-04,Prediksi_PCE,
2016-05,Prediksi_PCE,
2016-06,Prediksi_PCE,
2016-07,Prediksi_PCE,
2016-08,Prediksi_PCE,
2016-09,Prediksi_PCE,
2016-10,Prediksi_PCE,
2016-11,Prediksi_PCE,
2016-12,Prediksi_PCE,
2017-01,Prediksi_PCE,
2017-02,Prediksi_PCE,
2017-03,Prediksi_PCE,
2017-04,Prediksi_PCE,
2017-05,Prediksi_PCE,
2017-06,Prediksi_PCE,
2017-07,Prediksi_PCE,
2017-08,Prediksi_PCE,
2017-09,Prediksi_PCE,
2017-10,Prediksi_PCE,
2017-11,Prediksi_PCE,
2017-12,Prediksi_PCE,
2018-01,Prediksi_PCE,
2018-02,Prediksi_PCE,
2018-03,Prediksi_PCE,
2018-04,Prediksi_PCE,
2018-05,Prediksi_PCE,
2018-06,Prediksi_PCE,
2018-07,Prediksi_PCE,
2018-08,Prediksi_PCE,
2018-09,Prediksi_PCE,
2018-10,Prediksi_PCE,
2018-11,Prediksi_PCE,
2018-12,Prediksi_PCE,
2019-01,Prediksi_PCE,
2019-02,Prediksi_PCE,
2019-03,Prediksi_PCE,
2019-04,Prediksi_PCE,
2019-05,Prediksi_PCE,
2019-06,Prediksi_PCE,
2019-07,Prediksi_PCE,
2019-08,Prediksi_PCE,
2019-09,Prediksi_PCE,
2019-10,Prediksi_PCE,
2019-11,Prediksi_PCE,
2019-12,Prediksi_PCE,
2020-01,Prediksi_PCE,14737.993286530687
2020-02,Prediksi_PCE,14748.722448695831
2020-03,Prediksi_PCE,14857.015896982346
2020-04,Prediksi_PCE,14931.540384476577
2020-05,Prediksi_PCE,14958.0206912114
2020-06,Prediksi_PCE,15031.279540802181
2020-07,Prediksi_PCE,15078.81059119101
2020-08,Prediksi_PCE,15134.782356865078
2020-09,Prediksi_PCE,15243.098021210892
2020-10,Prediksi_PCE,15281.594080108704
2020-11,Prediksi_PCE,15387.659236759797
2020-12,Prediksi_PCE,15494.865797182658
2021-01,Prediksi_PCE,15520.40011419643
2021-02,Prediksi_PCE,15546.11768446563
2021-03,Prediksi_PCE,15648.257934317684
2021-04,Prediksi_PCE,15750.675527154808
2021-05,Prediksi_PCE,15816.688889315696
2021-06,Prediksi_PCE,15893.922335984389
2021-07,Prediksi_PCE,15954.146340628467
2021-08,Prediksi_PCE,16021.810099769278
2021-09,Prediksi_PCE,16094.127825018693
2021-10,Prediksi_PCE,16179.446278591211
2021-11,Prediksi_PCE,16288.078764712873
2021-12,Prediksi_PCE,16249.142134683949
2022-01,Prediksi_PCE,16288.732629632643
2022-02,Prediksi_PCE,16307.599339015484
2022-03,Prediksi_PCE,16451.42961653167
2022-04,Prediksi_PCE,16570.706459037523
2022-05,Prediksi_PCE,
